testa_id,label
testa_0,1
testa_1,1
testa_2,1
testa_3,1
testa_4,1
testa_5,1
testa_6,1
testa_7,1
testa_8,1
testa_9,1
testa_10,1
testa_11,1
testa_12,1
testa_13,1
testa_14,1
testa_15,1
testa_16,1
testa_17,1
testa_18,1
testa_19,1
testa_20,1
testa_21,1
testa_22,1
testa_23,1
testa_24,1
testa_25,1
testa_26,1
testa_27,1
testa_28,1
testa_29,1
testa_30,1
testa_31,1
testa_32,1
testa_33,1
testa_34,1
testa_35,1
testa_36,1
testa_37,1
testa_38,1
testa_39,1
testa_40,1
testa_41,1
testa_42,1
testa_43,1
testa_44,1
testa_45,1
testa_46,1
testa_47,1
testa_48,1
testa_49,1
testa_50,1
testa_51,1
testa_52,1
testa_53,1
testa_54,1
testa_55,1
testa_56,1
testa_57,1
testa_58,1
testa_59,1
testa_60,1
testa_61,1
testa_62,1
testa_63,1
testa_64,1
testa_65,1
testa_66,1
testa_67,1
testa_68,1
testa_69,1
testa_70,1
testa_71,1
testa_72,1
testa_73,1
testa_74,1
testa_75,1
testa_76,1
testa_77,1
testa_78,1
testa_79,1
testa_80,1
testa_81,1
testa_82,1
testa_83,1
testa_84,1
testa_85,1
testa_86,1
testa_87,1
testa_88,1
testa_89,1
testa_90,1
testa_91,1
testa_92,1
testa_93,1
testa_94,1
testa_95,1
testa_96,1
testa_97,1
testa_98,1
testa_99,1
testa_100,1
testa_101,1
testa_102,1
testa_103,1
testa_104,1
testa_105,1
testa_106,1
testa_107,1
testa_108,1
testa_109,1
testa_110,1
testa_111,1
testa_112,1
testa_113,1
testa_114,1
testa_115,1
testb_0,1
testb_1,1
testb_2,1
testb_3,1
testb_4,1
testb_5,1
testb_6,1
testb_7,1
testb_8,1
testb_9,1
testb_10,1
testb_11,1
testb_12,1
testb_13,1
testb_14,1
testb_15,1
testb_16,1
testb_17,1
testb_18,1
testb_19,1
testb_20,1
testb_21,1
testb_22,1
testb_23,1
testb_24,1
testb_25,1
testb_26,1
testb_27,1
testb_28,1
testb_29,1
testb_30,1
testb_31,1
testb_32,1
testb_33,1
testb_34,1
testb_35,1
testb_36,1
testb_37,1
testb_38,1
testb_39,1
testb_40,1
testb_41,1
testb_42,1
testb_43,1
testb_44,1
testb_45,1
testb_46,1
testb_47,1
testb_48,1
testb_49,1
testb_50,1
testb_51,1
testb_52,1
testb_53,1
testb_54,1
testb_55,1
testb_56,1
testb_57,1
testb_58,1
testb_59,1
testb_60,1
testb_61,1
testb_62,1
testb_63,1
testb_64,1
testb_65,1
testb_66,1
testb_67,1
testb_68,1
testb_69,1
testb_70,1
testb_71,1
testb_72,1
testb_73,1
testb_74,1
testb_75,1
testb_76,1
testb_77,1
testb_78,1
testb_79,1
testb_80,1
testb_81,1
testb_82,1
testb_83,1
testb_84,1
testb_85,1
testb_86,1
testb_87,1
testb_88,1
testb_89,1
testb_90,1
testb_91,1
testb_92,1
testb_93,1
testb_94,1
testb_95,1
testb_96,1
testb_97,1
testb_98,1
testb_99,1
testb_100,1
testb_101,1
testb_102,1
testb_103,1
testb_104,1
testb_105,1
testb_106,1
testb_107,1
testb_108,1
testb_109,1
testb_110,1
testb_111,1
testb_112,1
testb_113,1
testb_114,1
testb_115,1